,IRMS_C.2,IRMS_C.1.1,IRMS_C.1,I2,IRMS_B.1,IRMS_B.2,I1,IRMS_B.3,I3,V1,V2,V3,P1,P2,P3,Q1,Q2,Q3,TIMESTAMP,LOG(I1),LOG(I2),LOG(I3),I1_diff(2),I2_diff(2),I3_diff(2)
0,135.497,135.497,135.497,169.354547979,154.070624823,170.573130433,0.916,0.836,0.892,241.25,242.625,244.06,142.563,132.134,135.497,169.354547979,154.070624823,170.573130433,01-09-2020 00:00:00,-0.08773891430800675,5.131994434403621,-0.11428914640212766,0 days 00:00:02,0 days 00:00:02,0 days 00:00:02
1,135.793,135.793,135.793,169.02415187100002,154.039392947,170.49799312,0.916,0.836,0.892,241.188,242.562,244.002,142.66299999999998,132.46,135.793,169.02415187100002,154.039392947,170.49799312,01-09-2020 00:00:01,-0.08773891430800675,5.130041615191634,-0.11428914640212766,0 days 00:00:02,0 days 00:00:02,0 days 00:00:02
2,135.793,135.793,135.793,169.02415187100002,154.039392947,170.49799312,0.916,0.836,0.892,241.188,242.562,244.002,142.66299999999998,132.46,135.793,169.02415187100002,154.039392947,170.49799312,01-09-2020 00:00:02,-0.08773891430800675,5.130041615191634,-0.11428914640212766,0 days 00:00:02,0 days 00:00:02,0 days 00:00:02
3,136.363,136.363,136.363,168.839363815,153.957060813,169.870625402,0.916,0.8370000000000001,0.892,241.087,242.47,243.91,142.886,132.743,136.363,168.839363815,153.957060813,169.870625402,01-09-2020 00:00:03,-0.08773891430800675,5.128947752931601,-0.11428914640212766,0 days 00:00:02,0 days 00:00:02,0 days 00:00:02
4,136.216,136.216,136.216,168.8901742,154.133588861,170.13372947,0.916,0.836,0.892,241.221,242.604,244.041,142.929,132.541,136.216,168.8901742,154.133588861,170.13372947,01-09-2020 00:00:04,-0.08773891430800675,5.129248646869881,-0.11428914640212766,0 days 00:00:02,0 days 00:00:02,0 days 00:00:02
5,136.172,136.172,136.172,168.842627203,154.283604577,170.525825803,0.917,0.8370000000000001,0.893,241.269,242.652,244.079,143.269,132.67,136.172,168.842627203,154.283604577,170.525825803,01-09-2020 00:00:05,-0.08664780672567216,5.128967081104776,-0.11316869810563798,0 days 00:00:02,0 days 00:00:02,0 days 00:00:02
6,136.245,136.245,136.245,168.840270202,154.144950523,170.617242433,0.917,0.838,0.893,241.229,242.601,244.037,143.267,132.905,136.245,168.840270202,154.144950523,170.617242433,01-09-2020 00:00:06,-0.08664780672567216,5.128953121256538,-0.11316869810563798,0 days 00:00:02,0 days 00:00:02,0 days 00:00:02
7,135.914,135.914,135.914,169.380770403,154.319654865,170.649917425,0.916,0.838,0.893,241.31,242.693,244.13,142.964,132.701,135.914,169.380770403,154.319654865,170.649917425,01-09-2020 00:00:07,-0.08773891430800675,5.132149259853637,-0.11316869810563798,0 days 00:00:02,0 days 00:00:02,0 days 00:00:02
8,136.139,136.139,136.139,168.40243927,154.095078563,170.037556501,0.916,0.8370000000000001,0.8909999999999999,241.194,242.566,244.015,143.276,132.862,136.139,168.40243927,154.095078563,170.037556501,01-09-2020 00:00:08,-0.08773891430800675,5.1263565866795675,-0.11541085151132785,0 days 00:00:02,0 days 00:00:02,0 days 00:00:02
9,135.898,135.898,135.898,168.95280095299998,154.034741297,170.182700371,0.916,0.836,0.8909999999999999,241.271,242.648,244.099,142.982,132.45600000000002,135.898,168.95280095299998,154.034741297,170.182700371,01-09-2020 00:00:09,-0.08773891430800675,5.129619391614175,-0.11541085151132785,0 days 00:00:02,0 days 00:00:02,0 days 00:00:02
10,136.665,136.665,136.665,168.657060148,154.18145442,170.69453029,0.918,0.8390000000000001,0.894,241.263,242.638,244.085,143.875,133.292,136.665,168.657060148,154.18145442,170.69453029,01-09-2020 00:00:10,-0.08555788836164654,5.127867423353052,-0.11204950380862289,0 days 00:00:02,0 days 00:00:02,0 days 00:00:02
11,135.876,135.876,135.876,168.709456616,154.263835064,170.60220566,0.916,0.8370000000000001,0.892,241.202,242.582,244.011,143.156,132.653,135.876,168.709456616,154.263835064,170.60220566,01-09-2020 00:00:11,-0.08773891430800675,5.12817804379591,-0.11428914640212766,0 days 00:00:02,0 days 00:00:02,0 days 00:00:02
12,136.739,136.739,136.739,168.868064636,154.096377507,170.339017526,0.918,0.84,0.893,241.264,242.644,244.078,144.055,133.575,136.739,168.868064636,154.096377507,170.339017526,01-09-2020 00:00:12,-0.08555788836164654,5.12911772740448,-0.11316869810563798,0 days 00:00:02,0 days 00:00:02,0 days 00:00:02
13,136.115,136.115,136.115,168.642282072,154.126393515,170.454445695,0.915,0.8370000000000001,0.892,241.161,242.551,243.995,143.099,132.889,136.115,168.642282072,154.126393515,170.454445695,01-09-2020 00:00:13,-0.0888312137066157,5.127779797472064,-0.11428914640212766,0 days 00:00:02,0 days 00:00:02,0 days 00:00:02
14,136.077,136.077,136.077,169.107595381,154.495254656,170.406858956,0.917,0.838,0.893,241.237,242.636,244.066,143.113,132.852,136.077,169.107595381,154.495254656,170.406858956,01-09-2020 00:00:14,-0.08664780672567216,5.130535171400846,-0.11316869810563798,0 days 00:00:02,0 days 00:00:02,0 days 00:00:02
15,135.032,135.032,135.032,168.7653358,154.188312479,170.433990431,0.913,0.835,0.89,241.151,242.549,243.976,142.067,131.88299999999998,135.032,168.7653358,154.188312479,170.433990431,01-09-2020 00:00:15,-0.09101939838716855,5.128509204438225,-0.11653381625595151,0 days 00:00:02,0 days 00:00:02,0 days 00:00:02
16,136.57299999999998,136.57299999999998,136.57299999999998,168.966617296,154.18608129700002,170.579622327,0.919,0.8390000000000001,0.895,241.30900000000003,242.715,244.148,143.756,133.296,136.57299999999998,168.966617296,154.18608129700002,170.579622327,01-09-2020 00:00:16,-0.08446915662644996,5.129701164618398,-0.11093156070728166,0 days 00:00:02,0 days 00:00:02,0 days 00:00:02
17,136.57299999999998,136.57299999999998,136.57299999999998,168.966617296,154.18608129700002,170.579622327,0.919,0.8390000000000001,0.895,241.30900000000003,242.715,244.148,143.756,133.296,136.57299999999998,168.966617296,154.18608129700002,170.579622327,01-09-2020 00:00:17,-0.08446915662644996,5.129701164618398,-0.11093156070728166,0 days 00:00:02,0 days 00:00:02,0 days 00:00:02
18,135.491,135.491,135.491,169.062064805,154.33297887700002,170.565577212,0.916,0.8370000000000001,0.8909999999999999,241.401,242.805,244.21400000000003,142.695,132.359,135.491,169.062064805,154.33297887700002,170.565577212,01-09-2020 00:00:18,-0.08773891430800675,5.130265894871129,-0.11541085151132785,0 days 00:00:02,0 days 00:00:02,0 days 00:00:02
19,135.491,135.491,135.491,169.062064805,154.33297887700002,170.565577212,0.916,0.8370000000000001,0.8909999999999999,241.401,242.805,244.21400000000003,142.695,132.359,135.491,169.062064805,154.33297887700002,170.565577212,01-09-2020 00:00:19,-0.08773891430800675,5.130265894871129,-0.11541085151132785,0 days 00:00:02,0 days 00:00:02,0 days 00:00:02
20,136.829,136.829,136.829,169.16172886299998,154.61291079,170.899366225,0.919,0.84,0.895,241.474,242.897,244.292,143.922,133.665,136.829,169.16172886299998,154.61291079,170.899366225,01-09-2020 00:00:20,-0.08446915662644996,5.130855232834634,-0.11093156070728166,0 days 00:00:02,0 days 00:00:02,0 days 00:00:02
21,135.07399999999998,135.07399999999998,135.07399999999998,169.040935045,154.40460144600002,170.934362681,0.915,0.835,0.8909999999999999,241.322,242.734,244.118,142.299,132.06799999999998,135.07399999999998,169.040935045,154.40460144600002,170.934362681,01-09-2020 00:00:21,-0.0888312137066157,5.130140904793922,-0.11541085151132785,0 days 00:00:02,0 days 00:00:02,0 days 00:00:02
22,136.231,136.231,136.231,169.018223819,154.366474812,170.599710476,0.917,0.838,0.893,241.36900000000003,242.769,244.166,143.418,133.096,136.231,169.018223819,154.366474812,170.599710476,01-09-2020 00:00:22,-0.08664780672567216,5.130006542358007,-0.11316869810563798,0 days 00:00:02,0 days 00:00:02,0 days 00:00:02
23,137.415,137.415,137.415,168.720592789,153.753515827,170.283735495,0.919,0.84,0.895,241.27,242.67,244.082,144.313,133.993,137.415,168.720592789,153.753515827,170.283735495,01-09-2020 00:00:23,-0.08446915662644996,5.128244049612664,-0.11093156070728166,0 days 00:00:02,0 days 00:00:02,0 days 00:00:02
24,135.866,135.866,135.866,168.898445658,154.071954497,170.142627328,0.915,0.836,0.8909999999999999,241.23,242.628,244.037,142.936,132.488,135.866,168.898445658,154.071954497,170.142627328,01-09-2020 00:00:24,-0.0888312137066157,5.129297621036063,-0.11541085151132785,0 days 00:00:02,0 days 00:00:02,0 days 00:00:02
25,136.707,136.707,136.707,169.181710168,154.315633881,170.746988273,0.919,0.8390000000000001,0.894,241.348,242.75,244.159,143.939,133.408,136.707,169.181710168,154.315633881,170.746988273,01-09-2020 00:00:25,-0.08446915662644996,5.13097334539553,-0.11204950380862289,0 days 00:00:02,0 days 00:00:02,0 days 00:00:02
26,136.986,136.986,136.986,168.957155421,153.939483572,170.198934123,0.919,0.8390000000000001,0.895,241.215,242.592,244.024,144.131,133.439,136.986,168.957155421,153.939483572,170.198934123,01-09-2020 00:00:26,-0.08446915662644996,5.129645164562962,-0.11093156070728166,0 days 00:00:02,0 days 00:00:02,0 days 00:00:02
27,137.446,137.446,137.446,168.812954023,153.810889539,170.322150484,0.92,0.8390000000000001,0.8959999999999999,241.142,242.585,244.032,144.392,134.043,137.446,168.812954023,153.810889539,170.322150484,01-09-2020 00:00:27,-0.08338160893905101,5.1287913210597695,-0.10981486600720669,0 days 00:00:02,0 days 00:00:02,0 days 00:00:02
28,137.189,137.189,137.189,169.263986131,154.005240589,170.451152479,0.92,0.838,0.895,241.236,242.701,244.253,144.009,133.496,137.189,169.263986131,154.005240589,170.451152479,01-09-2020 00:00:28,-0.08338160893905101,5.131459544307323,-0.11093156070728166,0 days 00:00:02,0 days 00:00:02,0 days 00:00:02
29,137.418,137.418,137.418,169.051244,154.016776907,170.735674663,0.92,0.838,0.8959999999999999,241.168,242.648,244.195,143.828,133.506,137.418,169.051244,154.016776907,170.735674663,01-09-2020 00:00:29,-0.08338160893905101,5.130201887896414,-0.10981486600720669,0 days 00:00:02,0 days 00:00:02,0 days 00:00:02
30,136.593,136.593,136.593,169.574476183,154.487095367,171.053036776,0.92,0.8390000000000001,0.895,241.401,242.86,244.208,143.89,133.2,136.593,169.574476183,154.487095367,171.053036776,01-09-2020 00:00:30,-0.08338160893905101,5.133292217828404,-0.11093156070728166,0 days 00:00:02,0 days 00:00:02,0 days 00:00:02
31,135.62,135.62,135.62,169.253999031,154.736634238,171.176149226,0.917,0.8370000000000001,0.893,241.426,242.898,244.268,142.857,132.352,135.62,169.253999031,154.736634238,171.176149226,01-09-2020 00:00:31,-0.08664780672567216,5.131400539465981,-0.11316869810563798,0 days 00:00:02,0 days 00:00:02,0 days 00:00:02
32,135.812,135.812,135.812,169.386694299,154.126611386,170.521849003,0.917,0.836,0.892,241.338,242.788,244.158,142.969,132.535,135.812,169.386694299,154.126611386,170.521849003,01-09-2020 00:00:32,-0.08664780672567216,5.132184233082284,-0.11428914640212766,0 days 00:00:02,0 days 00:00:02,0 days 00:00:02
33,135.487,135.487,135.487,169.472152829,154.638427356,170.56054173200002,0.916,0.836,0.8909999999999999,241.389,242.837,244.204,142.662,132.268,135.487,169.472152829,154.638427356,170.56054173200002,01-09-2020 00:00:33,-0.08773891430800675,5.132688623229014,-0.11541085151132785,0 days 00:00:02,0 days 00:00:02,0 days 00:00:02
34,137.68,137.68,137.68,169.229164143,154.49587227700002,170.612121696,0.921,0.841,0.8959999999999999,241.36,242.796,244.176,144.748,134.28,137.68,169.229164143,154.49587227700002,170.612121696,01-09-2020 00:00:34,-0.08229524272683016,5.131253797230346,-0.10981486600720669,0 days 00:00:02,0 days 00:00:02,0 days 00:00:02
35,137.68,137.68,137.68,169.229164143,154.49587227700002,170.612121696,0.921,0.841,0.8959999999999999,241.36,242.796,244.176,144.748,134.28,137.68,169.229164143,154.49587227700002,170.612121696,01-09-2020 00:00:35,-0.08229524272683016,5.131253797230346,-0.10981486600720669,0 days 00:00:02,0 days 00:00:02,0 days 00:00:02
36,136.931,136.931,136.931,168.904404298,154.008701484,170.578196482,0.919,0.8390000000000001,0.895,241.353,242.778,244.149,144.086,133.499,136.931,168.904404298,154.008701484,170.578196482,01-09-2020 00:00:36,-0.08446915662644996,5.129332899838484,-0.11093156070728166,0 days 00:00:02,0 days 00:00:02,0 days 00:00:02
37,136.931,136.931,136.931,168.904404298,154.008701484,170.578196482,0.919,0.8390000000000001,0.895,241.353,242.778,244.149,144.086,133.499,136.931,168.904404298,154.008701484,170.578196482,01-09-2020 00:00:37,-0.08446915662644996,5.129332899838484,-0.11093156070728166,0 days 00:00:02,0 days 00:00:02,0 days 00:00:02
38,135.018,135.018,135.018,169.217119233,154.388467716,170.416319983,0.915,0.8340000000000001,0.889,241.268,242.685,244.072,142.07,131.703,135.018,169.217119233,154.388467716,170.416319983,01-09-2020 00:00:38,-0.0888312137066157,5.131182619554025,-0.11765804346823246,0 days 00:00:02,0 days 00:00:02,0 days 00:00:02
39,137.446,137.446,137.446,168.92519046,153.869410725,170.322150484,0.92,0.84,0.8959999999999999,241.267,242.699,244.061,144.488,134.094,137.446,168.92519046,153.869410725,170.322150484,01-09-2020 00:00:39,-0.08338160893905101,5.129455956920213,-0.10981486600720669,0 days 00:00:02,0 days 00:00:02,0 days 00:00:02
40,136.622,136.622,136.622,168.410888244,153.874880187,170.193267849,0.917,0.8390000000000001,0.894,241.171,242.603,243.959,143.665,133.38299999999998,136.622,168.410888244,153.874880187,170.193267849,01-09-2020 00:00:40,-0.08664780672567216,5.1264067567489295,-0.11204950380862289,0 days 00:00:02,0 days 00:00:02,0 days 00:00:02
41,137.781,137.781,137.781,169.048126268,154.412166041,170.737280211,0.921,0.8420000000000001,0.897,241.332,242.763,244.116,144.97899999999998,134.567,137.781,169.048126268,154.412166041,170.737280211,01-09-2020 00:00:41,-0.08229524272683016,5.130183445200129,-0.10869941692334091,0 days 00:00:02,0 days 00:00:02,0 days 00:00:02
42,137.952,137.952,137.952,168.763028415,154.09745147200002,170.500184267,0.921,0.841,0.897,241.336,242.78,244.125,145.121,134.653,137.952,168.763028415,154.09745147200002,170.500184267,01-09-2020 00:00:42,-0.08229524272683016,5.128495532194676,-0.10869941692334091,0 days 00:00:02,0 days 00:00:02,0 days 00:00:02
43,135.81,135.81,135.81,168.434865936,153.769171102,170.519337857,0.915,0.836,0.892,241.187,242.624,243.986,142.923,132.58100000000002,135.81,168.434865936,153.769171102,170.519337857,01-09-2020 00:00:43,-0.0888312137066157,5.126549122753208,-0.11428914640212766,0 days 00:00:02,0 days 00:00:02,0 days 00:00:02
44,137.16,137.16,137.16,168.933710477,154.124244583,170.415121285,0.919,0.84,0.895,241.316,242.767,244.129,144.111,133.957,137.16,168.933710477,154.124244583,170.415121285,01-09-2020 00:00:44,-0.08446915662644996,5.129506392276382,-0.11093156070728166,0 days 00:00:02,0 days 00:00:02,0 days 00:00:02
45,137.55200000000002,137.55200000000002,137.55200000000002,168.62719376299998,154.393473315,170.453504965,0.92,0.841,0.8959999999999999,241.32,242.767,244.12,144.618,134.191,137.55200000000002,168.62719376299998,154.393473315,170.453504965,01-09-2020 00:00:45,-0.08338160893905101,5.1276903241571565,-0.10981486600720669,0 days 00:00:02,0 days 00:00:02,0 days 00:00:02
46,137.81,137.81,137.81,169.091268934,154.07710356299998,170.773216814,0.922,0.841,0.897,241.303,242.685,244.121,145.016,134.275,137.81,169.091268934,154.07710356299998,170.773216814,01-09-2020 00:00:46,-0.08121005542554317,5.130438622010913,-0.10869941692334091,0 days 00:00:02,0 days 00:00:02,0 days 00:00:02
47,136.099,136.099,136.099,169.05711434399998,154.424316992,170.434409173,0.918,0.838,0.892,241.298,242.696,244.134,143.451,132.791,136.099,169.05711434399998,154.424316992,170.434409173,01-09-2020 00:00:47,-0.08555788836164654,5.130236612527472,-0.11428914640212766,0 days 00:00:02,0 days 00:00:02,0 days 00:00:02
48,138.257,138.257,138.257,169.309597301,154.116256653,170.42811627,0.924,0.843,0.897,241.291,242.699,244.131,145.591,135.031,138.257,169.309597301,154.116256653,170.42811627,01-09-2020 00:00:48,-0.07904320734045285,5.131728975665869,-0.10869941692334091,0 days 00:00:02,0 days 00:00:02,0 days 00:00:02
49,136.857,136.857,136.857,169.510837142,154.323730917,170.934338213,0.92,0.8390000000000001,0.895,241.318,242.746,244.186,143.836,133.415,136.857,169.510837142,154.323730917,170.934338213,01-09-2020 00:00:49,-0.08338160893905101,5.1329168607176925,-0.11093156070728166,0 days 00:00:02,0 days 00:00:02,0 days 00:00:02
50,136.53799999999998,136.53799999999998,136.53799999999998,169.20206993899998,154.364155186,170.535907341,0.919,0.838,0.894,241.297,242.721,244.169,143.57399999999998,133.094,136.53799999999998,169.20206993899998,154.364155186,170.535907341,01-09-2020 00:00:50,-0.08446915662644996,5.131093680779325,-0.11204950380862289,0 days 00:00:02,0 days 00:00:02,0 days 00:00:02
51,136.877,136.877,136.877,168.705122281,154.350335465,170.510927401,0.918,0.8390000000000001,0.894,241.233,242.683,244.13,143.916,133.438,136.877,168.705122281,154.350335465,170.510927401,01-09-2020 00:00:51,-0.08555788836164654,5.128152352345266,-0.11204950380862289,0 days 00:00:02,0 days 00:00:02,0 days 00:00:02
52,137.444,137.444,137.444,169.54210675299998,154.486667876,170.767978491,0.922,0.8420000000000001,0.897,241.374,242.823,244.259,144.63,134.27200000000002,137.444,169.54210675299998,154.486667876,170.767978491,01-09-2020 00:00:52,-0.08121005542554317,5.133101313391835,-0.10869941692334091,0 days 00:00:02,0 days 00:00:02,0 days 00:00:02
53,137.444,137.444,137.444,169.54210675299998,154.486667876,170.767978491,0.922,0.8420000000000001,0.897,241.374,242.823,244.259,144.63,134.27200000000002,137.444,169.54210675299998,154.486667876,170.767978491,01-09-2020 00:00:53,-0.08121005542554317,5.133101313391835,-0.10869941692334091,0 days 00:00:02,0 days 00:00:02,0 days 00:00:02
54,136.109,136.109,136.109,168.932713126,153.851517827,170.446931999,0.916,0.836,0.892,241.19,242.632,244.081,142.965,132.65200000000002,136.109,168.932713126,153.851517827,170.446931999,01-09-2020 00:00:54,-0.08773891430800675,5.1295004884580075,-0.11428914640212766,0 days 00:00:02,0 days 00:00:02,0 days 00:00:02
55,136.109,136.109,136.109,168.932713126,153.851517827,170.446931999,0.916,0.836,0.892,241.19,242.632,244.081,142.965,132.65200000000002,136.109,168.932713126,153.851517827,170.446931999,01-09-2020 00:00:55,-0.08773891430800675,5.1295004884580075,-0.11428914640212766,0 days 00:00:02,0 days 00:00:02,0 days 00:00:02
56,135.49200000000002,135.49200000000002,135.49200000000002,168.813367804,154.156910157,170.120065716,0.916,0.835,0.89,241.234,242.665,244.124,142.864,132.208,135.49200000000002,168.813367804,154.156910157,170.120065716,01-09-2020 00:00:56,-0.08773891430800675,5.128793772177904,-0.11653381625595151,0 days 00:00:02,0 days 00:00:02,0 days 00:00:02
57,136.496,136.496,136.496,169.090112366,153.92813285100002,170.483449358,0.918,0.838,0.893,241.30900000000003,242.742,244.206,143.47899999999998,133.07299999999998,136.496,169.090112366,153.92813285100002,170.483449358,01-09-2020 00:00:57,-0.08555788836164654,5.1304317820837975,-0.11316869810563798,0 days 00:00:02,0 days 00:00:02,0 days 00:00:02
58,135.346,135.346,135.346,169.329601495,154.348483227,170.830313325,0.916,0.835,0.8909999999999999,241.278,242.71400000000003,244.18,142.542,132.02,135.346,169.329601495,154.348483227,170.830313325,01-09-2020 00:00:58,-0.08773891430800675,5.131847120252169,-0.11541085151132785,0 days 00:00:02,0 days 00:00:02,0 days 00:00:02
59,136.852,136.852,136.852,169.466054112,154.017930539,170.47978430700002,0.92,0.8390000000000001,0.894,241.261,242.644,244.195,143.798,133.507,136.852,169.466054112,154.017930539,170.47978430700002,01-09-2020 00:00:59,-0.08338160893905101,5.132652636037982,-0.11204950380862289,0 days 00:00:02,0 days 00:00:02,0 days 00:00:02
60,136.716,136.716,136.716,169.51407846,154.49985331,171.207067536,0.919,0.838,0.895,241.391,242.812,244.317,143.457,133.211,136.716,169.51407846,154.49985331,171.207067536,01-09-2020 00:01:00,-0.08446915662644996,5.132935982132379,-0.11093156070728166,0 days 00:00:02,0 days 00:00:02,0 days 00:00:02
61,138.096,138.096,138.096,169.52729217799998,153.97728903700002,170.678159407,0.922,0.841,0.898,241.449,242.853,244.375,145.003,134.548,138.096,169.52729217799998,153.97728903700002,170.678159407,01-09-2020 00:01:01,-0.08121005542554317,5.133013929658262,-0.10758521067993743,0 days 00:00:02,0 days 00:00:02,0 days 00:00:02
62,136.217,136.217,136.217,169.51583523,154.164987499,171.030355975,0.918,0.836,0.893,241.382,242.792,244.318,143.078,132.56799999999998,136.217,169.51583523,154.164987499,171.030355975,01-09-2020 00:01:02,-0.08555788836164654,5.132946345642671,-0.11316869810563798,0 days 00:00:02,0 days 00:00:02,0 days 00:00:02
63,136.194,136.194,136.194,169.203307966,153.953581374,170.55337602,0.918,0.8370000000000001,0.893,241.35,242.772,244.291,143.194,132.74,136.194,169.203307966,153.953581374,170.55337602,01-09-2020 00:01:03,-0.08555788836164654,5.13110099760749,-0.11316869810563798,0 days 00:00:02,0 days 00:00:02,0 days 00:00:02
64,138.099,138.099,138.099,169.383489244,154.079141006,170.68186722299998,0.922,0.841,0.897,241.329,242.752,244.275,144.88,134.637,138.099,169.383489244,154.079141006,170.68186722299998,01-09-2020 00:01:04,-0.08121005542554317,5.132165311375736,-0.10869941692334091,0 days 00:00:02,0 days 00:00:02,0 days 00:00:02
65,136.585,136.585,136.585,168.994158243,153.936184178,170.594610322,0.916,0.836,0.893,241.292,242.712,244.247,143.017,132.725,136.585,168.994158243,153.936184178,170.594610322,01-09-2020 00:01:05,-0.08773891430800675,5.129864147716167,-0.11316869810563798,0 days 00:00:02,0 days 00:00:02,0 days 00:00:02
66,137.316,137.316,137.316,169.553263169,154.037542281,171.05780012,0.919,0.838,0.8959999999999999,241.4,242.872,244.39,143.872,133.524,137.316,169.553263169,154.037542281,171.05780012,01-09-2020 00:01:06,-0.08446915662644996,5.133167114443655,-0.10981486600720669,0 days 00:00:02,0 days 00:00:02,0 days 00:00:02
67,135.505,135.505,135.505,169.158756181,153.87966227799998,171.030999121,0.914,0.833,0.8909999999999999,241.302,242.75,244.281,142.02100000000002,131.619,135.505,169.158756181,153.87966227799998,171.030999121,01-09-2020 00:01:07,-0.08992470752798701,5.130837659662855,-0.11541085151132785,0 days 00:00:02,0 days 00:00:02,0 days 00:00:02
68,136.643,136.643,136.643,168.823771191,153.391508432,170.667052299,0.917,0.836,0.894,241.229,242.688,244.189,143.253,132.964,136.643,168.823771191,153.391508432,170.667052299,01-09-2020 00:01:08,-0.08664780672567216,5.128855396838237,-0.11204950380862289,0 days 00:00:02,0 days 00:00:02,0 days 00:00:02
69,137.359,137.359,137.359,169.134695333,154.195589848,171.11136624,0.919,0.8390000000000001,0.8959999999999999,241.431,242.904,244.416,143.899,133.661,137.359,169.134695333,154.195589848,171.11136624,01-09-2020 00:01:09,-0.08446915662644996,5.130695411280967,-0.10981486600720669,0 days 00:00:02,0 days 00:00:02,0 days 00:00:02
70,138.144,138.144,138.144,168.694822808,153.409767307,170.28882222200002,0.92,0.8390000000000001,0.897,241.219,242.691,244.194,144.67600000000002,134.412,138.144,168.694822808,153.409767307,170.28882222200002,01-09-2020 00:01:10,-0.08338160893905101,5.1280913003317545,-0.10869941692334091,0 days 00:00:02,0 days 00:00:02,0 days 00:00:02
71,138.144,138.144,138.144,168.694822808,153.409767307,170.28882222200002,0.92,0.8390000000000001,0.897,241.219,242.691,244.194,144.67600000000002,134.412,138.144,168.694822808,153.409767307,170.28882222200002,01-09-2020 00:01:11,-0.08338160893905101,5.1280913003317545,-0.10869941692334091,0 days 00:00:02,0 days 00:00:02,0 days 00:00:02
72,135.295,135.295,135.295,169.852844929,154.227869855,171.214035261,0.915,0.833,0.8909999999999999,241.36900000000003,242.833,244.337,141.85,131.566,135.295,169.852844929,154.227869855,171.214035261,01-09-2020 00:01:12,-0.0888312137066157,5.1349324441218975,-0.11541085151132785,0 days 00:00:02,0 days 00:00:02,0 days 00:00:02
73,135.295,135.295,135.295,169.852844929,154.227869855,171.214035261,0.915,0.833,0.8909999999999999,241.36900000000003,242.833,244.337,141.85,131.566,135.295,169.852844929,154.227869855,171.214035261,01-09-2020 00:01:13,-0.0888312137066157,5.1349324441218975,-0.11541085151132785,0 days 00:00:02,0 days 00:00:02,0 days 00:00:02
74,134.793,134.793,134.793,169.61515929200002,153.968884772,171.026182713,0.914,0.8320000000000001,0.89,241.303,242.762,244.27,141.27700000000002,130.996,134.793,169.61515929200002,153.968884772,171.026182713,01-09-2020 00:01:14,-0.08992470752798701,5.13353210198134,-0.11653381625595151,0 days 00:00:02,0 days 00:00:02,0 days 00:00:02
75,142.134,142.134,142.134,168.831007402,153.234265617,170.192909843,0.93,0.848,0.906,241.307,242.748,244.281,148.321,137.924,142.134,168.831007402,153.234265617,170.192909843,01-09-2020 00:01:15,-0.07257069283483537,5.128898258432148,-0.0987159729391577,0 days 00:00:02,0 days 00:00:02,0 days 00:00:02
76,142.134,142.134,142.134,168.831007402,153.234265617,170.192909843,0.93,0.848,0.906,241.307,242.748,244.281,148.321,137.924,142.134,168.831007402,153.234265617,170.192909843,01-09-2020 00:01:16,-0.07257069283483537,5.128898258432148,-0.0987159729391577,0 days 00:00:02,0 days 00:00:02,0 days 00:00:02
77,140.852,140.852,140.852,169.370184437,153.671162994,170.451661109,0.928,0.846,0.904,241.382,242.827,244.35,147.208,136.83100000000002,140.852,169.370184437,153.671162994,170.451661109,01-09-2020 00:01:17,-0.07472354619593642,5.1320867598615205,-0.10092591858996053,0 days 00:00:02,0 days 00:00:02,0 days 00:00:02
78,140.79399999999998,140.79399999999998,140.79399999999998,169.168838163,153.444302305,170.381472568,0.927,0.845,0.904,241.413,242.847,244.383,147.033,136.629,140.79399999999998,169.168838163,153.444302305,170.381472568,01-09-2020 00:01:18,-0.07580171341628185,5.130897258596973,-0.10092591858996053,0 days 00:00:02,0 days 00:00:02,0 days 00:00:02
79,140.32,140.32,140.32,169.394689781,153.865562365,170.70693369999998,0.927,0.845,0.902,241.39,242.803,244.348,146.836,136.268,140.32,169.394689781,153.865562365,170.70693369999998,01-09-2020 00:01:19,-0.07580171341628185,5.1322314345070215,-0.10314075891951337,0 days 00:00:02,0 days 00:00:02,0 days 00:00:02
80,139.653,139.653,139.653,169.409666521,154.328610096,171.24471530600002,0.926,0.846,0.902,241.532,242.947,244.454,146.457,135.945,139.653,169.409666521,154.328610096,171.24471530600002,01-09-2020 00:01:20,-0.07688104433595762,5.1323198438779825,-0.10314075891951337,0 days 00:00:02,0 days 00:00:02,0 days 00:00:02
81,140.263,140.263,140.263,169.58503904100002,153.876853759,171.088348624,0.928,0.845,0.904,241.424,242.837,244.368,147.001,136.278,140.263,169.58503904100002,153.876853759,171.088348624,01-09-2020 00:01:21,-0.07472354619593642,5.133354506265139,-0.10092591858996053,0 days 00:00:02,0 days 00:00:02,0 days 00:00:02
82,140.534,140.534,140.534,169.012628269,153.91579519799998,170.516587851,0.928,0.846,0.903,241.407,242.811,244.338,147.291,136.68,140.534,169.012628269,153.91579519799998,170.516587851,01-09-2020 00:01:22,-0.07472354619593642,5.12997343561662,-0.10203272556515161,0 days 00:00:02,0 days 00:00:02,0 days 00:00:02
83,139.284,139.284,139.284,169.795694736,154.179051662,170.792241675,0.926,0.843,0.9,241.502,242.902,244.436,146.009,135.44899999999998,139.284,169.795694736,154.179051662,170.792241675,01-09-2020 00:01:23,-0.07688104433595762,5.134595918644145,-0.10536051565782628,0 days 00:00:02,0 days 00:00:02,0 days 00:00:02
84,140.71200000000002,140.71200000000002,140.71200000000002,169.583036212,153.896651442,170.73256371899998,0.929,0.847,0.903,241.489,242.896,244.43,147.393,136.66299999999998,140.71200000000002,169.583036212,153.896651442,170.73256371899998,01-09-2020 00:01:24,-0.07364654016829848,5.13334269602033,-0.10203272556515161,0 days 00:00:02,0 days 00:00:02,0 days 00:00:02
85,141.664,141.664,141.664,168.97898396,153.508884843,170.079785995,0.931,0.848,0.906,241.367,242.774,244.313,148.451,137.798,141.664,168.97898396,153.508884843,170.079785995,01-09-2020 00:01:25,-0.07149600170506992,5.129774351924044,-0.0987159729391577,0 days 00:00:02,0 days 00:00:02,0 days 00:00:02
86,140.673,140.673,140.673,169.607197765,154.056558107,170.68524316399998,0.929,0.846,0.904,241.486,242.893,244.427,147.414,136.805,140.673,169.607197765,154.056558107,170.68524316399998,01-09-2020 00:01:26,-0.07364654016829848,5.133485162109388,-0.10092591858996053,0 days 00:00:02,0 days 00:00:02,0 days 00:00:02
87,141.418,141.418,141.418,169.437044646,154.042394673,170.234237782,0.93,0.8490000000000001,0.905,241.42,242.832,244.374,148.05700000000002,137.532,141.418,169.437044646,154.042394673,170.234237782,01-09-2020 00:01:27,-0.07257069283483537,5.13248143981005,-0.0998203352822109,0 days 00:00:02,0 days 00:00:02,0 days 00:00:02
88,140.634,140.634,140.634,169.388593239,154.318347249,171.088931827,0.929,0.847,0.904,241.488,242.892,244.429,147.224,136.66899999999998,140.634,169.388593239,154.318347249,171.088931827,01-09-2020 00:01:28,-0.07364654016829848,5.132195443699291,-0.10092591858996053,0 days 00:00:02,0 days 00:00:02,0 days 00:00:02
89,140.634,140.634,140.634,169.388593239,154.318347249,171.088931827,0.929,0.847,0.904,241.488,242.892,244.429,147.224,136.66899999999998,140.634,169.388593239,154.318347249,171.088931827,01-09-2020 00:01:29,-0.07364654016829848,5.132195443699291,-0.10092591858996053,0 days 00:00:02,0 days 00:00:02,0 days 00:00:02
90,141.485,141.485,141.485,169.276673425,154.074876055,170.765822551,0.931,0.8490000000000001,0.905,241.509,242.919,244.445,148.314,137.561,141.485,169.276673425,154.074876055,170.765822551,01-09-2020 00:01:30,-0.07149600170506992,5.1315344971595005,-0.0998203352822109,0 days 00:00:02,0 days 00:00:02,0 days 00:00:02
91,139.692,139.692,139.692,169.113203604,153.719903388,170.391860976,0.926,0.845,0.901,241.403,242.778,244.316,146.592,136.139,139.692,169.113203604,153.719903388,170.391860976,01-09-2020 00:01:31,-0.07688104433595762,5.130568334488493,-0.10425002137379911,0 days 00:00:02,0 days 00:00:02,0 days 00:00:02
92,139.692,139.692,139.692,169.113203604,153.719903388,170.391860976,0.926,0.845,0.901,241.403,242.778,244.316,146.592,136.139,139.692,169.113203604,153.719903388,170.391860976,01-09-2020 00:01:32,-0.07688104433595762,5.130568334488493,-0.10425002137379911,0 days 00:00:02,0 days 00:00:02,0 days 00:00:02
93,141.096,141.096,141.096,169.093723402,153.971831671,170.746937039,0.929,0.8490000000000001,0.904,241.456,242.83,244.372,147.757,137.469,141.096,169.093723402,153.971831671,170.746937039,01-09-2020 00:01:33,-0.07364654016829848,5.130453137545639,-0.10092591858996053,0 days 00:00:02,0 days 00:00:02,0 days 00:00:02
94,141.096,141.096,141.096,169.093723402,153.971831671,170.746937039,0.929,0.8490000000000001,0.904,241.456,242.83,244.372,147.757,137.469,141.096,169.093723402,153.971831671,170.746937039,01-09-2020 00:01:34,-0.07364654016829848,5.130453137545639,-0.10092591858996053,0 days 00:00:02,0 days 00:00:02,0 days 00:00:02
95,139.812,139.812,139.812,169.223952264,154.195129789,170.538233161,0.926,0.846,0.902,241.413,242.794,244.324,146.688,136.19299999999998,139.812,169.223952264,154.195129789,170.538233161,01-09-2020 00:01:35,-0.07688104433595762,5.1312229989971625,-0.10314075891951337,0 days 00:00:02,0 days 00:00:02,0 days 00:00:02
96,141.39700000000002,141.39700000000002,141.39700000000002,168.72400896899998,153.98455209899998,170.659610639,0.93,0.8490000000000001,0.905,241.443,242.84,244.365,148.227,137.852,141.39700000000002,168.72400896899998,153.98455209899998,170.659610639,01-09-2020 00:01:36,-0.07257069283483537,5.128264296965754,-0.0998203352822109,0 days 00:00:02,0 days 00:00:02,0 days 00:00:02
97,140.546,140.546,140.546,169.027545434,153.778977975,170.531148022,0.928,0.847,0.902,241.46400000000003,242.828,244.378,147.304,136.92700000000002,140.546,169.027545434,153.778977975,170.531148022,01-09-2020 00:01:37,-0.07472354619593642,5.1300616923752544,-0.10314075891951337,0 days 00:00:02,0 days 00:00:02,0 days 00:00:02
98,141.85299999999998,141.85299999999998,141.85299999999998,169.04500427,153.607563327,170.30669671,0.931,0.85,0.906,241.445,242.824,244.36900000000003,148.509,138.26,141.85299999999998,169.04500427,153.607563327,170.30669671,01-09-2020 00:01:38,-0.07149600170506992,5.130164976927821,-0.0987159729391577,,,
99,140.13299999999998,140.13299999999998,140.13299999999998,169.357773562,154.323066244,170.929778757,0.927,0.846,0.903,241.526,242.89,244.432,146.804,136.306,140.13299999999998,169.357773562,154.323066244,170.929778757,01-09-2020 00:01:39,-0.07580171341628185,5.132013480554558,-0.10203272556515161,,,
